{"cameraMode":{"drawMode":0,"name":"Shaded","section":"Shading Mode"},"sceneLighting":false,"audioPlay":false,"sceneViewState":{"m_AlwaysRefresh":false,"showFog":true,"showSkybox":true,"showFlares":true,"showImageEffects":true,"showParticleSystems":true,"showVisualEffectGraphs":true,"m_FxEnabled":true},"in2DMode":false,"pivot":{"x":-1.0959157943725587,"y":0.28197765350341799,"z":0.9832048416137695},"rotation":{"x":-0.09225337207317352,"y":0.8859062194824219,"z":-0.20025518536567689,"w":-0.40811821818351748},"size":10.449999809265137,"orthographic":false}